<?xml version="1.0" encoding="UTF-8"?>
<IPPNIO xsi:noNamespaceSchemaLocation="IPPNIO.xsd" xmlns:xsi="http://www.w3.org/2001/XMLSchema-instance">
	<Version>
		<UUID ExCRC="1">E619FEB1F04C409B8690161206929F52</UUID>
		<CfgBrokerVersion>18.630.0.3146</CfgBrokerVersion>
		<CRC CRCVal="2644294945" ExCRC="1"></CRC>
	</Version>
	<CtlrParas MultipleInterfaceMode="false">
		<CtlrIP d1="10" d2="2" d3="0" d4="33" ExCRC="1"></CtlrIP>
		<CtlrMask d1="255" d2="255" d3="255" d4="0" ExCRC="1"></CtlrMask>
		<CtlrGate d1="10" d2="2" d3="0" d4="1" ExCRC="1"></CtlrGate>
		<StatN>axc-06</StatN>
		<Station ExCRC="1"></Station>
		<DevName ExCRC="1"></DevName>
		<ModEquId ExCRC="1"></ModEquId>
		<FDCMLFile>ETHERNET\Phoenix Contact\AXC_1050_dtmv01_2.10.xml</FDCMLFile>
		<CEId>CommEnt_2</CEId>
	</CtlrParas>
	<ARs>
		<AR BlVers="256" ARTyp="IO_AR_SINGLE" ARUID="1" MulWrt="false" PRL="NO" FSUMdTout="0">
			<ARUUID d1="1073260406" d2="671" d3="19674" d4="151" d5="179" d6="141" d7="246" d8="237" d9="89" d10="25" d11="97"></ARUUID>
			<ARProp State="PRIMARY" SVTO="NOT_ALLOWED" PSrv="CM_INITIATOR" DRate="DR_AT_LEAST_100_MBIT" CRTr="SRT_TRANSPORT" CfgDiff="NOT_ALLOWED" LogConStat="YES" IgnFS="NO" Safety="NO" StartAR="YES" AdvStUpMd="LEGACY" ArCRC="1570834138"></ARProp>
			<CRs CRCnt="2">
				<CRPara BlVers="256" CRID="1" RTCls="RT_CLASS2_RTC" MdRedn="false" CRTyp="INPUT_CR" DatLn="10" FrID="36864" SndClc="32" RedRat="8" Phs="8" Seq="0" FrOffst="BEST_EFFORT" WtchD="24" DatHld="24" APDUOffst="42">
					<CRHdr VLID="NO_VLANID" CRPrio="IOCR_PRIORITY"></CRHdr>
					<MCAddr d1="0" d2="0" d3="0" d4="0" d5="0" d6="0"></MCAddr>
					<RelAPICRs APICnt="1">
						<APICR API="0">
							<RelDatas RelDatCnt="5">
								<RelDat SlNr="0" SSlNr="1"></RelDat>
								<RelDat SlNr="0" SSlNr="32768"></RelDat>
								<RelDat SlNr="0" SSlNr="32769"></RelDat>
								<RelDat SlNr="0" SSlNr="32770"></RelDat>
								<RelDat SlNr="1" SSlNr="1"></RelDat>
							</RelDatas>
							<RelIOCSs RelIOCSCnt="1">
								<RelIOCS SlNr="1" SSlNr="1"></RelIOCS>
							</RelIOCSs>
						</APICR>
					</RelAPICRs>
				</CRPara>
				<CRPara BlVers="256" CRID="1" RTCls="RT_CLASS2_RTC" MdRedn="false" CRTyp="OUTPUT_CR" DatLn="10" FrID="65535" SndClc="32" RedRat="8" Phs="8" Seq="0" FrOffst="BEST_EFFORT" WtchD="24" DatHld="24">
					<CRHdr VLID="NO_VLANID" CRPrio="IOCR_PRIORITY"></CRHdr>
					<MCAddr d1="0" d2="0" d3="0" d4="0" d5="0" d6="0"></MCAddr>
					<RelAPICRs APICnt="1">
						<APICR API="0">
							<RelDatas RelDatCnt="1">
								<RelDat SlNr="1" SSlNr="1"></RelDat>
							</RelDatas>
							<RelIOCSs RelIOCSCnt="5">
								<RelIOCS SlNr="0" SSlNr="1"></RelIOCS>
								<RelIOCS SlNr="0" SSlNr="32768"></RelIOCS>
								<RelIOCS SlNr="0" SSlNr="32769"></RelIOCS>
								<RelIOCS SlNr="0" SSlNr="32770"></RelIOCS>
								<RelIOCS SlNr="1" SSlNr="1"></RelIOCS>
							</RelIOCSs>
						</APICR>
					</RelAPICRs>
				</CRPara>
			</CRs>
			<ModParas ModParCnt="2">
				<ModPara SlNr="0">
					<ModName ExCRC="1"></ModName>
					<ModEquId ExCRC="1"></ModEquId>
					<FDCMLFile>PROFInet\Phoenix Contact\AXL F BK PN_v01_1.01.xml</FDCMLFile>
					<CEId>ce_DIM0</CEId>
				</ModPara>
				<ModPara SlNr="1">
					<ModName ExCRC="1"></ModName>
					<ModEquId ExCRC="1"></ModEquId>
					<FDCMLFile>Axioline\Phoenix Contact\AXL_F_AI2_AO2_1H_dtmv01_1.00.xml</FDCMLFile>
					<CEId>CommEnt_0</CEId>
				</ModPara>
			</ModParas>
			<SMParas SMCnt="2">
				<SMPara>
					<RelAPISMs BlVers="256" RelAPICnt="1">
						<APISM API="0" SlNr="0" ModID="1" ModProp="0">
							<SMs SMCnt="4">
								<SMDes SSlNr="1" SMID="1" NdID="47">
									<SMProp Shar="INVALID" SMTyp="NO_IO"></SMProp>
									<SMElDess ElCnt="2">
										<SMElDes Intpret="IOPS" Descr="DATA_INPUT" Len="1" SubsMod="NULL_VALUE" Offst="6"></SMElDes>
										<SMElDes Intpret="IOCS" Descr="DATA_OUTPUT" Len="1" SubsMod="NULL_VALUE" Offst="0"></SMElDes>
									</SMElDess>
									<ModName ExCRC="1"></ModName>
									<ModEquId ExCRC="1"></ModEquId>
									<FDCMLFile>PROFInet\Phoenix Contact\AXL F BK PN_v01_1.01.xml</FDCMLFile>
									<CEId>ce_DIM1</CEId>
								</SMDes>
								<SMDes SSlNr="32768" SMID="2" NdID="48">
									<SMProp Shar="INVALID" SMTyp="NO_IO"></SMProp>
									<SMElDess ElCnt="2">
										<SMElDes Intpret="IOPS" Descr="DATA_INPUT" Len="1" SubsMod="NULL_VALUE" Offst="7"></SMElDes>
										<SMElDes Intpret="IOCS" Descr="DATA_OUTPUT" Len="1" SubsMod="NULL_VALUE" Offst="1"></SMElDes>
									</SMElDess>
									<ModName ExCRC="1"></ModName>
									<ModEquId ExCRC="1"></ModEquId>
									<FDCMLFile>PROFInet\Phoenix Contact\AXL F BK PN_v01_1.01.xml</FDCMLFile>
									<CEId>ce_DIM2</CEId>
								</SMDes>
								<SMDes SSlNr="32769" SMID="3" NdID="49">
									<SMProp Shar="INVALID" SMTyp="NO_IO"></SMProp>
									<SMElDess ElCnt="2">
										<SMElDes Intpret="IOPS" Descr="DATA_INPUT" Len="1" SubsMod="NULL_VALUE" Offst="8"></SMElDes>
										<SMElDes Intpret="IOCS" Descr="DATA_OUTPUT" Len="1" SubsMod="NULL_VALUE" Offst="2"></SMElDes>
									</SMElDess>
									<ModName ExCRC="1"></ModName>
									<ModEquId ExCRC="1"></ModEquId>
									<FDCMLFile>PROFInet\Phoenix Contact\AXL F BK PN_v01_1.01.xml</FDCMLFile>
									<CEId>ce_DIM3</CEId>
								</SMDes>
								<SMDes SSlNr="32770" SMID="3" NdID="50">
									<SMProp Shar="INVALID" SMTyp="NO_IO"></SMProp>
									<SMElDess ElCnt="2">
										<SMElDes Intpret="IOPS" Descr="DATA_INPUT" Len="1" SubsMod="NULL_VALUE" Offst="9"></SMElDes>
										<SMElDes Intpret="IOCS" Descr="DATA_OUTPUT" Len="1" SubsMod="NULL_VALUE" Offst="3"></SMElDes>
									</SMElDess>
									<ModName ExCRC="1"></ModName>
									<ModEquId ExCRC="1"></ModEquId>
									<FDCMLFile>PROFInet\Phoenix Contact\AXL F BK PN_v01_1.01.xml</FDCMLFile>
									<CEId>ce_DIM4</CEId>
								</SMDes>
							</SMs>
						</APISM>
					</RelAPISMs>
				</SMPara>
				<SMPara>
					<RelAPISMs BlVers="256" RelAPICnt="1">
						<APISM API="0" SlNr="1" ModID="169" ModProp="0">
							<SMs SMCnt="1">
								<SMDes SSlNr="1" SMID="1" NdID="51">
									<SMProp Shar="NO_SHARED_INPUT" SMTyp="IO"></SMProp>
									<SMElDess ElCnt="6">
										<SMElDes Intpret="DATA" Descr="DATA_INPUT" Len="4" SubsMod="NULL_VALUE" Offst="1"></SMElDes>
										<SMElDes Intpret="IOPS" Descr="DATA_INPUT" Len="1" SubsMod="NULL_VALUE" Offst="5"></SMElDes>
										<SMElDes Intpret="IOCS" Descr="DATA_INPUT" Len="1" SubsMod="NULL_VALUE" Offst="0"></SMElDes>
										<SMElDes Intpret="DATA" Descr="DATA_OUTPUT" Len="4" SubsMod="NULL_VALUE" Offst="5"></SMElDes>
										<SMElDes Intpret="IOPS" Descr="DATA_OUTPUT" Len="1" SubsMod="NULL_VALUE" Offst="9"></SMElDes>
										<SMElDes Intpret="IOCS" Descr="DATA_OUTPUT" Len="1" SubsMod="NULL_VALUE" Offst="4"></SMElDes>
									</SMElDess>
									<ModName ExCRC="1"></ModName>
									<ModEquId ExCRC="1"></ModEquId>
									<FDCMLFile>Axioline\Phoenix Contact\AXL_F_AI2_AO2_1H_dtmv01_1.00.xml</FDCMLFile>
									<CEId>CommEnt_0</CEId>
								</SMDes>
							</SMs>
						</APISM>
					</RelAPISMs>
				</SMPara>
			</SMParas>
			<AlCRParas AlCRCnt="1">
				<AlCRPara BlVers="256" AlCRPrTp="DATA_RTA_PDU" Prio="USER_PRIORITY" RTATmout="500" Retr="3" LocAlRef="1" MaxAlLen="200"></AlCRPara>
			</AlCRParas>
			<DevParas>
				<DevPara DevID="4096" VndID="176" DevIns="1" StatNLen="7" StatN="bkpn-06" IPovDNS="false" UseIODevIpAdr="NO" IODReplAllowed="true">
					<IP d1="10" d2="2" d3="0" d4="34"></IP>
					<Mask d1="255" d2="255" d3="255" d4="0"></Mask>
					<Gate d1="10" d2="2" d3="0" d4="1"></Gate>
					<Station ExCRC="1"></Station>
					<DevName ExCRC="1"></DevName>
					<ModEquId ExCRC="1"></ModEquId>
					<FDCMLFile>PROFInet\Phoenix Contact\AXL F BK PN_v01_1.01.xml</FDCMLFile>
					<CEId>CommEnt_1</CEId>
				</DevPara>
			</DevParas>
			<ARParas>
				<ARPara SlNr="0" SSlNr="1" Idx="32511" ParaLen="6">
					<Para>000100010101</Para>
				</ARPara>
				<ARPara SlNr="0" SSlNr="1" Idx="30544" ParaLen="9">
					<Para>000102210400030D40</Para>
				</ARPara>
				<ARPara SlNr="1" SSlNr="1" Idx="32512" ParaLen="52">
					<Para>0008001401000015010000160200000029010100240400020002002F040000000000800C00000000000000000000000000290100</Para>
				</ARPara>
			</ARParas>
		</AR>
	</ARs>
</IPPNIO>
