<?xml version="1.0" encoding="UTF-8"?>
<AXLDiag xmlns:xsi="http://www.w3.org/2001/XMLSchema-instance" xsi:noNamespaceSchemaLocation="AXLDiag.xsd" Version="1.00"><Controller><IPAddress d1="10" d2="2" d3="0" d4="36"/><SubnetMask d1="255" d2="255" d3="255" d4="0"/><DefaultGateway d1="10" d2="2" d3="0" d4="1"/><DNSName>axc-06</DNSName><StationName></StationName><ModuleEquipmentId></ModuleEquipmentId><DeviceName></DeviceName><FdcmlFileName>ETHERNET\Phoenix Contact\AXC_1050_dtmv01_2.10.xml</FdcmlFileName><Modules><Module Slot="1"><ArticleName>AXL F DI 16/1 1H</ArticleName><VendorName>Phoenix Contact</VendorName><OrderNumber>2688310</OrderNumber><Version>00/--</Version><Family>AXL F</Family><Location>Please fill in ...</Location><EquipmentId>Please fill in ...</EquipmentId><AppSpecAddress>1</AppSpecAddress><ProcessDataLength>16</ProcessDataLength><LowerDeviceType>214</LowerDeviceType><UpperDeviceType>8388610</UpperDeviceType></Module><Module Slot="2"><ArticleName>AXL F DO 16/1 1H</ArticleName><VendorName>Phoenix Contact</VendorName><OrderNumber>2688349</OrderNumber><Version>00/--</Version><Family>AXL F</Family><Location>Please fill in ...</Location><EquipmentId>Please fill in ...</EquipmentId><AppSpecAddress>1</AppSpecAddress><ProcessDataLength>16</ProcessDataLength><LowerDeviceType>215</LowerDeviceType><UpperDeviceType>4194306</UpperDeviceType></Module></Modules></Controller></AXLDiag>
