<?xml version="1.0" encoding="UTF-8"?>
<PLCs><PLC BrokerType="3" DTAOutOffset="0" DTAInOffset="1024" Directory="_s49AXL"><DisplayInfo ID="15" DefaultLabel="# Axioline " EquipmentID=""/><Device RemoteBus="0" LocalBus="0"><DisplayInfo ID="32" DefaultLabel="# 1 AXL F DI 16/1 1H " EquipmentID=""/><Terminal><DisplayInfo ID="trm20" DefaultLabel="20" EquipmentID=""/><PDI DataLength="1" Direction="Input" ReadOnly="true"><DisplayInfo ID="io20" DefaultLabel="IN08" EquipmentID=""/><IBAddressInfo MPMAddressByteOffset="1025" MPMAddressBitOffset="0" BytePosition="1" BitPosition="0" PDIndex="0" IsDefaultPDI="false"/></PDI></Terminal><Terminal><DisplayInfo ID="trm21" DefaultLabel="21" EquipmentID=""/><PDI DataLength="1" Direction="Input" ReadOnly="true"><DisplayInfo ID="io21" DefaultLabel="IN09" EquipmentID=""/><IBAddressInfo MPMAddressByteOffset="1025" MPMAddressBitOffset="1" BytePosition="1" BitPosition="1" PDIndex="0" IsDefaultPDI="false"/></PDI></Terminal><Terminal><DisplayInfo ID="trm22" DefaultLabel="22" EquipmentID=""/><PDI DataLength="1" Direction="Input" ReadOnly="true"><DisplayInfo ID="io22" DefaultLabel="IN10" EquipmentID=""/><IBAddressInfo MPMAddressByteOffset="1025" MPMAddressBitOffset="2" BytePosition="1" BitPosition="2" PDIndex="0" IsDefaultPDI="false"/></PDI></Terminal><Terminal><DisplayInfo ID="trm23" DefaultLabel="23" EquipmentID=""/><PDI DataLength="1" Direction="Input" ReadOnly="true"><DisplayInfo ID="io23" DefaultLabel="IN11" EquipmentID=""/><IBAddressInfo MPMAddressByteOffset="1025" MPMAddressBitOffset="3" BytePosition="1" BitPosition="3" PDIndex="0" IsDefaultPDI="false"/></PDI></Terminal></Device><Device RemoteBus="0" LocalBus="0"><DisplayInfo ID="34" DefaultLabel="# 2 AXL F DO 16/1 1H " EquipmentID=""/></Device></PLC></PLCs>
